{"cameraMode":{"drawMode":0,"name":"Shaded","section":"Shading Mode"},"sceneLighting":false,"audioPlay":false,"sceneViewState":{"m_AlwaysRefresh":false,"showFog":true,"showSkybox":false,"showFlares":true,"showImageEffects":true,"showParticleSystems":true,"showVisualEffectGraphs":true,"m_FxEnabled":true},"in2DMode":false,"pivot":{"x":1015.9163818359375,"y":1052.99169921875,"z":8.401920318603516},"rotation":{"x":-0.019692663103342058,"y":-0.10807187110185623,"z":0.0021398619282990696,"w":-0.9939598441123962},"size":1163.7242431640625,"orthographic":false}